model,accuracy
logistic,0.6973684210526315
random_forest,0.6973684210526315
mlp_neural_net,0.7105263157894737
